Train_ID,Train_Name,Source,Destination,Route,Date,Departure_Time,Day_of_Week,Is_Weekend,Is_Holiday,Platform_Number,Num_Coaches,Seat_Capacity,Passenger_Count,Seat_Occupancy_Percent,Delay_Minutes,Weather,Season,Demand_Level
TR457,Garib Rath,Bangalore,Nagpur,Bangalore-Nagpur,04-05-2025,07:42,Sunday,1,0,4,16,1152,811,70.4,32,Clear,Monsoon,Medium
TR636,Rajdhani Express,Chennai,Nagpur,Chennai-Nagpur,26-12-2025,01:40,Friday,0,0,4,18,1296,1250,96.45,10,Clear,Summer,High
TR307,Duronto Express,Kolkata,Lucknow,Kolkata-Lucknow,06-01-2025,16:27,Monday,0,0,5,10,720,361,50.14,11,Fog,Winter,Low
TR903,Shatabdi Express,Hyderabad,Lucknow,Hyderabad-Lucknow,18-08-2025,18:13,Monday,0,0,1,9,648,337,52.01,0,Clear,Monsoon,Low
TR379,Shatabdi Express,Chennai,Vizag,Chennai-Vizag,09-01-2025,00:28,Thursday,0,0,2,9,648,666,102.78,14,Cloudy,Monsoon,High
TR674,Duronto Express,Hyderabad,Jaipur,Hyderabad-Jaipur,12-04-2025,06:04,Saturday,1,0,1,16,1152,1202,104.34,16,Clear,Monsoon,High
TR423,Garib Rath,Mumbai,Pune,Mumbai-Pune,08-07-2025,22:35,Tuesday,0,0,9,11,792,629,79.42,2,Fog,Monsoon,Medium
TR440,Shatabdi Express,Hyderabad,Nagpur,Hyderabad-Nagpur,17-07-2025,18:59,Thursday,0,0,10,8,576,535,92.88,12,Rainy,Summer,High
TR803,Intercity Express,Kolkata,Nagpur,Kolkata-Nagpur,07-05-2025,18:56,Wednesday,0,0,9,20,1440,1395,96.88,4,Clear,Winter,High
TR930,Duronto Express,Mumbai,Pune,Mumbai-Pune,26-05-2025,21:15,Monday,0,0,6,11,792,449,56.69,0,Cloudy,Monsoon,Low
TR671,Shatabdi Express,Bangalore,Pune,Bangalore-Pune,03-05-2025,04:48,Saturday,1,0,1,12,864,938,108.56,11,Cloudy,Summer,High
TR703,Garib Rath,Hyderabad,Jaipur,Hyderabad-Jaipur,22-02-2025,05:16,Saturday,1,0,9,10,720,360,50,0,Cloudy,Monsoon,Low
TR710,Shatabdi Express,Delhi,Nagpur,Delhi-Nagpur,15-04-2025,07:39,Tuesday,0,0,3,17,1224,702,57.35,1,Clear,Summer,Low
TR759,Shatabdi Express,Mumbai,Lucknow,Mumbai-Lucknow,03-09-2025,14:46,Wednesday,0,0,10,20,1440,850,59.03,0,Cloudy,Summer,Low
TR520,Duronto Express,Delhi,Lucknow,Delhi-Lucknow,12-05-2025,14:20,Monday,0,0,8,17,1224,1000,81.7,1,Cloudy,Summer,Medium
TR414,Garib Rath,Delhi,Vizag,Delhi-Vizag,01-09-2025,02:26,Monday,0,0,9,14,1008,512,50.79,21,Rainy,Summer,Low
TR236,Rajdhani Express,Kolkata,Nagpur,Kolkata-Nagpur,11-04-2025,19:16,Friday,0,0,3,16,1152,1020,88.54,25,Rainy,Summer,Medium
TR582,Duronto Express,Hyderabad,Ahmedabad,Hyderabad-Ahmedabad,26-05-2025,09:51,Monday,0,0,6,9,648,491,75.77,25,Clear,Summer,Medium
TR271,Garib Rath,Bangalore,Jaipur,Bangalore-Jaipur,14-12-2025,07:57,Sunday,1,0,5,20,1440,832,57.78,20,Rainy,Winter,Low
TR337,Rajdhani Express,Hyderabad,Ahmedabad,Hyderabad-Ahmedabad,04-01-2025,15:39,Saturday,1,0,4,10,720,640,88.89,16,Fog,Monsoon,Medium
TR253,Rajdhani Express,Mumbai,Pune,Mumbai-Pune,01-11-2025,12:34,Saturday,1,0,6,13,936,899,96.05,23,Clear,Winter,High
TR417,Garib Rath,Chennai,Pune,Chennai-Pune,27-07-2025,00:42,Sunday,1,0,9,15,1080,670,62.04,0,Fog,Summer,Medium
TR778,Intercity Express,Mumbai,Nagpur,Mumbai-Nagpur,02-07-2025,17:59,Wednesday,0,0,4,17,1224,1313,107.27,2,Fog,Monsoon,High
TR921,Shatabdi Express,Chennai,Ahmedabad,Chennai-Ahmedabad,26-05-2025,08:01,Monday,0,0,5,17,1224,721,58.91,1,Clear,Monsoon,Low
TR915,Shatabdi Express,Kolkata,Nagpur,Kolkata-Nagpur,17-03-2025,16:29,Monday,0,0,1,12,864,612,70.83,35,Clear,Winter,Medium
TR835,Duronto Express,Hyderabad,Vizag,Hyderabad-Vizag,29-07-2025,06:04,Tuesday,0,0,9,14,1008,1100,109.13,24,Rainy,Summer,High
TR538,Duronto Express,Kolkata,Vizag,Kolkata-Vizag,07-05-2025,02:00,Wednesday,0,0,6,10,720,739,102.64,0,Cloudy,Summer,High
TR735,Rajdhani Express,Kolkata,Nagpur,Kolkata-Nagpur,03-06-2025,17:53,Tuesday,0,0,1,13,936,917,97.97,20,Cloudy,Winter,High
TR730,Rajdhani Express,Hyderabad,Lucknow,Hyderabad-Lucknow,22-06-2025,09:17,Sunday,1,0,5,12,864,600,69.44,0,Clear,Monsoon,Medium
TR890,Garib Rath,Chennai,Lucknow,Chennai-Lucknow,24-04-2025,01:35,Thursday,0,0,9,9,648,524,80.86,17,Clear,Winter,Medium
TR959,Garib Rath,Delhi,Nagpur,Delhi-Nagpur,29-03-2025,21:04,Saturday,1,0,10,8,576,550,95.49,0,Rainy,Winter,High
TR448,Garib Rath,Hyderabad,Jaipur,Hyderabad-Jaipur,20-02-2025,21:19,Thursday,0,0,2,8,576,295,51.22,0,Fog,Summer,Low
TR981,Shatabdi Express,Bangalore,Jaipur,Bangalore-Jaipur,03-12-2025,11:14,Wednesday,0,0,6,16,1152,739,64.15,19,Fog,Summer,Medium
TR275,Shatabdi Express,Delhi,Jaipur,Delhi-Jaipur,27-11-2025,18:58,Thursday,0,0,5,17,1224,940,76.8,0,Clear,Winter,Medium
TR501,Duronto Express,Bangalore,Jaipur,Bangalore-Jaipur,26-09-2025,07:30,Friday,0,1,7,14,1008,790,78.37,0,Cloudy,Summer,Medium
TR418,Rajdhani Express,Delhi,Lucknow,Delhi-Lucknow,12-12-2025,15:45,Friday,0,0,6,10,720,786,109.17,10,Rainy,Monsoon,High
TR961,Shatabdi Express,Delhi,Vizag,Delhi-Vizag,08-10-2025,16:12,Wednesday,0,0,7,9,648,365,56.33,9,Clear,Summer,Low
TR354,Rajdhani Express,Mumbai,Vizag,Mumbai-Vizag,25-08-2025,19:02,Monday,0,0,4,15,1080,677,62.69,0,Cloudy,Winter,Medium
TR196,Shatabdi Express,Kolkata,Vizag,Kolkata-Vizag,27-08-2025,14:07,Wednesday,0,0,1,13,936,705,75.32,36,Rainy,Summer,Medium
TR315,Duronto Express,Chennai,Pune,Chennai-Pune,22-08-2025,17:09,Friday,0,0,6,19,1368,1120,81.87,13,Fog,Summer,Medium
TR426,Garib Rath,Chennai,Vizag,Chennai-Vizag,08-01-2025,12:36,Wednesday,0,0,9,19,1368,1170,85.53,5,Rainy,Summer,Medium
TR664,Intercity Express,Kolkata,Ahmedabad,Kolkata-Ahmedabad,03-02-2025,18:15,Monday,0,1,2,13,936,940,100.43,22,Rainy,Summer,High
TR200,Garib Rath,Chennai,Pune,Chennai-Pune,26-07-2025,23:43,Saturday,1,0,6,15,1080,965,89.35,25,Cloudy,Monsoon,Medium
TR426,Rajdhani Express,Mumbai,Vizag,Mumbai-Vizag,14-12-2025,12:12,Sunday,1,0,10,19,1368,886,64.77,18,Fog,Monsoon,Medium
TR375,Duronto Express,Mumbai,Nagpur,Mumbai-Nagpur,05-05-2025,03:50,Monday,0,0,3,13,936,560,59.83,6,Cloudy,Monsoon,Low
TR285,Rajdhani Express,Mumbai,Jaipur,Mumbai-Jaipur,29-11-2025,14:08,Saturday,1,0,1,12,864,656,75.93,0,Cloudy,Summer,Medium
TR673,Garib Rath,Mumbai,Lucknow,Mumbai-Lucknow,06-08-2025,11:08,Wednesday,0,0,5,17,1224,816,66.67,21,Fog,Winter,Medium
TR863,Garib Rath,Hyderabad,Nagpur,Hyderabad-Nagpur,01-12-2025,18:46,Monday,0,0,7,10,720,468,65,29,Cloudy,Summer,Medium
TR798,Rajdhani Express,Mumbai,Ahmedabad,Mumbai-Ahmedabad,08-08-2025,01:58,Friday,0,0,7,9,648,386,59.57,29,Clear,Summer,Low
TR683,Duronto Express,Bangalore,Jaipur,Bangalore-Jaipur,07-04-2025,07:58,Monday,0,0,6,18,1296,844,65.12,26,Clear,Monsoon,Medium
TR413,Shatabdi Express,Kolkata,Ahmedabad,Kolkata-Ahmedabad,10-08-2025,11:22,Sunday,1,0,5,8,576,571,99.13,16,Clear,Monsoon,High
TR577,Shatabdi Express,Delhi,Lucknow,Delhi-Lucknow,06-01-2025,12:39,Monday,0,0,4,20,1440,850,59.03,0,Rainy,Monsoon,Low
TR324,Shatabdi Express,Delhi,Jaipur,Delhi-Jaipur,05-09-2025,10:42,Friday,0,0,3,10,720,500,69.44,0,Cloudy,Winter,Medium
TR794,Rajdhani Express,Mumbai,Vizag,Mumbai-Vizag,20-01-2025,01:42,Monday,0,0,5,11,792,760,95.96,3,Cloudy,Monsoon,High
TR492,Intercity Express,Hyderabad,Vizag,Hyderabad-Vizag,04-10-2025,17:18,Saturday,1,0,5,13,936,802,85.68,25,Fog,Winter,Medium
TR260,Garib Rath,Delhi,Pune,Delhi-Pune,26-03-2025,15:02,Wednesday,0,0,10,9,648,599,92.44,12,Clear,Monsoon,High
TR896,Rajdhani Express,Delhi,Lucknow,Delhi-Lucknow,13-09-2025,09:30,Saturday,1,0,2,14,1008,785,77.88,11,Cloudy,Winter,Medium
TR718,Garib Rath,Chennai,Jaipur,Chennai-Jaipur,23-05-2025,18:28,Friday,0,0,3,11,792,749,94.57,17,Cloudy,Monsoon,High
TR753,Rajdhani Express,Bangalore,Jaipur,Bangalore-Jaipur,27-11-2025,02:33,Thursday,0,1,1,15,1080,722,66.85,0,Rainy,Summer,Medium
TR149,Shatabdi Express,Delhi,Jaipur,Delhi-Jaipur,10-11-2025,06:56,Monday,0,0,9,15,1080,956,88.52,5,Rainy,Summer,Medium
TR874,Shatabdi Express,Kolkata,Jaipur,Kolkata-Jaipur,20-09-2025,09:33,Saturday,1,0,6,11,792,589,74.37,20,Clear,Winter,Medium
TR466,Intercity Express,Mumbai,Jaipur,Mumbai-Jaipur,06-02-2025,14:10,Thursday,0,0,9,11,792,671,84.72,18,Cloudy,Monsoon,Medium
TR940,Rajdhani Express,Bangalore,Vizag,Bangalore-Vizag,08-01-2025,18:24,Wednesday,0,0,9,16,1152,715,62.07,10,Fog,Monsoon,Medium
TR722,Rajdhani Express,Bangalore,Lucknow,Bangalore-Lucknow,30-01-2025,18:18,Thursday,0,0,2,15,1080,1110,102.78,16,Rainy,Winter,High
TR639,Duronto Express,Kolkata,Ahmedabad,Kolkata-Ahmedabad,11-02-2025,14:17,Tuesday,0,0,7,11,792,735,92.8,11,Clear,Summer,High
TR571,Garib Rath,Bangalore,Vizag,Bangalore-Vizag,18-05-2025,21:49,Sunday,1,0,2,18,1296,1311,101.16,2,Cloudy,Summer,High
TR239,Garib Rath,Bangalore,Pune,Bangalore-Pune,21-08-2025,03:00,Thursday,0,0,6,13,936,482,51.5,21,Fog,Monsoon,Low
TR113,Garib Rath,Hyderabad,Vizag,Hyderabad-Vizag,23-08-2025,09:43,Saturday,1,0,5,18,1296,672,51.85,31,Fog,Summer,Low
TR865,Rajdhani Express,Delhi,Vizag,Delhi-Vizag,01-08-2025,22:16,Friday,0,0,3,10,720,630,87.5,0,Rainy,Winter,Medium
TR994,Rajdhani Express,Delhi,Ahmedabad,Delhi-Ahmedabad,23-02-2025,23:37,Sunday,1,0,10,10,720,545,75.69,0,Fog,Summer,Medium
TR998,Intercity Express,Chennai,Jaipur,Chennai-Jaipur,07-11-2025,19:09,Friday,0,0,9,14,1008,740,73.41,22,Rainy,Summer,Medium
TR332,Duronto Express,Kolkata,Jaipur,Kolkata-Jaipur,04-09-2025,07:10,Thursday,0,0,10,14,1008,578,57.34,13,Cloudy,Summer,Low
TR136,Shatabdi Express,Chennai,Jaipur,Chennai-Jaipur,18-01-2025,12:08,Saturday,1,0,1,14,1008,1093,108.43,0,Rainy,Winter,High
TR754,Rajdhani Express,Delhi,Ahmedabad,Delhi-Ahmedabad,08-09-2025,14:04,Monday,0,0,6,18,1296,1130,87.19,10,Clear,Summer,Medium
TR300,Duronto Express,Mumbai,Pune,Mumbai-Pune,01-02-2025,15:47,Saturday,1,1,8,15,1080,982,90.93,19,Rainy,Monsoon,High
TR794,Intercity Express,Hyderabad,Jaipur,Hyderabad-Jaipur,16-03-2025,23:14,Sunday,1,0,8,19,1368,1068,78.07,23,Fog,Monsoon,Medium
TR340,Garib Rath,Kolkata,Pune,Kolkata-Pune,05-04-2025,15:19,Saturday,1,1,8,19,1368,876,64.04,28,Rainy,Summer,Medium
TR652,Garib Rath,Delhi,Ahmedabad,Delhi-Ahmedabad,25-05-2025,17:22,Sunday,1,0,1,12,864,603,69.79,0,Rainy,Summer,Medium
TR671,Duronto Express,Chennai,Pune,Chennai-Pune,17-12-2025,20:59,Wednesday,0,0,1,8,576,487,84.55,17,Rainy,Summer,Medium
TR137,Duronto Express,Bangalore,Lucknow,Bangalore-Lucknow,28-12-2025,17:22,Sunday,1,0,6,8,576,607,105.38,0,Fog,Winter,High
TR178,Garib Rath,Delhi,Jaipur,Delhi-Jaipur,28-07-2025,08:08,Monday,0,0,3,9,648,712,109.88,37,Rainy,Summer,High
TR739,Rajdhani Express,Kolkata,Ahmedabad,Kolkata-Ahmedabad,30-06-2025,19:23,Monday,0,0,1,18,1296,1036,79.94,4,Fog,Summer,Medium
TR791,Duronto Express,Chennai,Ahmedabad,Chennai-Ahmedabad,20-04-2025,06:31,Sunday,1,0,4,8,576,449,77.95,19,Cloudy,Summer,Medium
TR823,Shatabdi Express,Delhi,Nagpur,Delhi-Nagpur,08-04-2025,07:55,Tuesday,0,0,1,16,1152,630,54.69,15,Cloudy,Monsoon,Low
TR386,Garib Rath,Bangalore,Nagpur,Bangalore-Nagpur,23-11-2025,20:44,Sunday,1,0,9,20,1440,1480,102.78,12,Fog,Summer,High
TR661,Rajdhani Express,Kolkata,Lucknow,Kolkata-Lucknow,20-06-2025,20:05,Friday,0,0,6,20,1440,758,52.64,7,Fog,Monsoon,Low
TR234,Garib Rath,Hyderabad,Nagpur,Hyderabad-Nagpur,18-11-2025,01:07,Tuesday,0,0,10,10,720,662,91.94,18,Cloudy,Summer,High
TR928,Duronto Express,Chennai,Lucknow,Chennai-Lucknow,17-06-2025,04:55,Tuesday,0,0,6,14,1008,1047,103.87,0,Fog,Monsoon,High
TR575,Rajdhani Express,Delhi,Jaipur,Delhi-Jaipur,02-09-2025,16:59,Tuesday,0,0,3,9,648,372,57.41,4,Clear,Winter,Low
TR182,Intercity Express,Delhi,Jaipur,Delhi-Jaipur,23-03-2025,22:04,Sunday,1,1,5,13,936,863,92.2,12,Cloudy,Monsoon,High
TR774,Garib Rath,Hyderabad,Nagpur,Hyderabad-Nagpur,02-09-2025,17:42,Tuesday,0,0,9,9,648,526,81.17,0,Fog,Winter,Medium
TR298,Rajdhani Express,Kolkata,Pune,Kolkata-Pune,19-01-2025,22:32,Sunday,1,1,6,11,792,576,72.73,18,Fog,Summer,Medium
TR309,Rajdhani Express,Chennai,Pune,Chennai-Pune,30-08-2025,11:00,Saturday,1,0,8,18,1296,1060,81.79,6,Clear,Summer,Medium
TR460,Duronto Express,Kolkata,Pune,Kolkata-Pune,10-01-2025,23:41,Friday,0,0,3,9,648,591,91.2,0,Cloudy,Summer,High
TR886,Duronto Express,Hyderabad,Nagpur,Hyderabad-Nagpur,28-03-2025,10:26,Friday,0,0,3,20,1440,1297,90.07,13,Rainy,Summer,High
TR626,Garib Rath,Bangalore,Jaipur,Bangalore-Jaipur,06-01-2025,09:54,Monday,0,0,1,14,1008,664,65.87,8,Fog,Summer,Medium
TR260,Garib Rath,Kolkata,Vizag,Kolkata-Vizag,05-06-2025,02:55,Thursday,0,0,7,11,792,794,100.25,13,Rainy,Winter,High
TR118,Intercity Express,Hyderabad,Nagpur,Hyderabad-Nagpur,15-04-2025,18:39,Tuesday,0,0,7,8,576,607,105.38,3,Cloudy,Winter,High
TR477,Shatabdi Express,Mumbai,Vizag,Mumbai-Vizag,29-08-2025,09:19,Friday,0,0,4,19,1368,1300,95.03,6,Cloudy,Winter,High
TR811,Garib Rath,Bangalore,Pune,Bangalore-Pune,26-11-2025,13:52,Wednesday,0,0,8,16,1152,918,79.69,24,Fog,Winter,Medium
TR929,Intercity Express,Kolkata,Lucknow,Kolkata-Lucknow,27-03-2025,14:44,Thursday,0,0,1,11,792,499,63.01,22,Rainy,Monsoon,Medium
TR252,Shatabdi Express,Mumbai,Ahmedabad,Mumbai-Ahmedabad,02-10-2025,19:28,Thursday,0,1,1,9,648,360,55.56,30,Clear,Summer,Low
TR506,Garib Rath,Chennai,Ahmedabad,Chennai-Ahmedabad,18-11-2025,12:08,Tuesday,0,0,7,16,1152,1180,102.43,15,Clear,Summer,High
TR553,Rajdhani Express,Bangalore,Nagpur,Bangalore-Nagpur,22-08-2025,01:45,Friday,0,0,2,18,1296,1408,108.64,15,Clear,Summer,High
TR502,Rajdhani Express,Delhi,Pune,Delhi-Pune,10-07-2025,08:17,Thursday,0,1,2,19,1368,1364,99.71,3,Rainy,Summer,High
TR866,Intercity Express,Bangalore,Lucknow,Bangalore-Lucknow,03-02-2025,11:55,Monday,0,0,4,18,1296,737,56.87,8,Clear,Monsoon,Low
TR901,Garib Rath,Delhi,Jaipur,Delhi-Jaipur,15-01-2025,01:34,Wednesday,0,0,2,20,1440,1330,92.36,0,Clear,Winter,High
TR460,Garib Rath,Hyderabad,Pune,Hyderabad-Pune,07-05-2025,19:51,Wednesday,0,0,6,20,1440,1431,99.38,1,Clear,Summer,High
TR416,Shatabdi Express,Bangalore,Vizag,Bangalore-Vizag,07-11-2025,12:51,Friday,0,0,1,12,864,638,73.84,0,Clear,Monsoon,Medium
TR484,Shatabdi Express,Bangalore,Nagpur,Bangalore-Nagpur,25-01-2025,19:55,Saturday,1,0,7,8,576,400,69.44,5,Clear,Monsoon,Medium
TR318,Rajdhani Express,Delhi,Pune,Delhi-Pune,04-03-2025,01:24,Tuesday,0,0,6,16,1152,768,66.67,0,Cloudy,Monsoon,Medium
TR890,Rajdhani Express,Delhi,Pune,Delhi-Pune,13-07-2025,18:18,Sunday,1,0,2,8,576,320,55.56,15,Clear,Summer,Low
TR441,Shatabdi Express,Kolkata,Lucknow,Kolkata-Lucknow,15-12-2025,09:06,Monday,0,1,1,8,576,313,54.34,0,Clear,Winter,Low
TR166,Rajdhani Express,Delhi,Nagpur,Delhi-Nagpur,18-06-2025,23:23,Wednesday,0,0,5,12,864,892,103.24,0,Rainy,Monsoon,High
TR138,Garib Rath,Hyderabad,Ahmedabad,Hyderabad-Ahmedabad,02-04-2025,03:29,Wednesday,0,0,5,13,936,722,77.14,21,Rainy,Winter,Medium
TR653,Shatabdi Express,Delhi,Nagpur,Delhi-Nagpur,05-06-2025,04:32,Thursday,0,0,7,20,1440,793,55.07,2,Rainy,Winter,Low
TR578,Garib Rath,Mumbai,Ahmedabad,Mumbai-Ahmedabad,02-05-2025,06:55,Friday,0,0,5,8,576,560,97.22,0,Clear,Monsoon,High
TR111,Shatabdi Express,Chennai,Ahmedabad,Chennai-Ahmedabad,04-10-2025,03:13,Saturday,1,1,3,11,792,857,108.21,0,Rainy,Monsoon,High
TR715,Duronto Express,Hyderabad,Pune,Hyderabad-Pune,30-11-2025,23:20,Sunday,1,0,9,18,1296,1180,91.05,17,Clear,Monsoon,High
TR629,Duronto Express,Mumbai,Jaipur,Mumbai-Jaipur,08-06-2025,09:36,Sunday,1,0,6,19,1368,1443,105.48,0,Fog,Monsoon,High
TR613,Shatabdi Express,Kolkata,Ahmedabad,Kolkata-Ahmedabad,15-11-2025,08:22,Saturday,1,0,2,9,648,335,51.7,2,Cloudy,Summer,Low
TR759,Duronto Express,Hyderabad,Nagpur,Hyderabad-Nagpur,12-05-2025,08:01,Monday,0,0,10,18,1296,1396,107.72,0,Cloudy,Winter,High
TR341,Rajdhani Express,Chennai,Lucknow,Chennai-Lucknow,05-06-2025,15:13,Thursday,0,0,9,13,936,864,92.31,4,Clear,Summer,High
TR772,Garib Rath,Bangalore,Vizag,Bangalore-Vizag,07-06-2025,20:52,Saturday,1,0,4,9,648,556,85.8,2,Clear,Monsoon,Medium
TR586,Duronto Express,Kolkata,Vizag,Kolkata-Vizag,02-11-2025,23:12,Sunday,1,0,3,14,1008,573,56.85,30,Cloudy,Monsoon,Low
TR351,Intercity Express,Hyderabad,Vizag,Hyderabad-Vizag,09-08-2025,03:20,Saturday,1,0,4,11,792,758,95.71,0,Cloudy,Monsoon,High
TR593,Rajdhani Express,Bangalore,Jaipur,Bangalore-Jaipur,28-01-2025,17:44,Tuesday,0,0,6,9,648,666,102.78,19,Fog,Winter,High
TR862,Rajdhani Express,Delhi,Ahmedabad,Delhi-Ahmedabad,18-06-2025,13:33,Wednesday,0,0,9,18,1296,1139,87.89,0,Clear,Summer,Medium
TR513,Garib Rath,Kolkata,Nagpur,Kolkata-Nagpur,11-04-2025,23:35,Friday,0,0,8,17,1224,926,75.65,22,Fog,Summer,Medium
TR789,Shatabdi Express,Bangalore,Nagpur,Bangalore-Nagpur,03-06-2025,11:07,Tuesday,0,0,5,9,648,609,93.98,17,Rainy,Monsoon,High
TR183,Rajdhani Express,Bangalore,Vizag,Bangalore-Vizag,07-04-2025,01:46,Monday,0,0,1,16,1152,861,74.74,9,Clear,Summer,Medium
TR773,Rajdhani Express,Mumbai,Jaipur,Mumbai-Jaipur,02-09-2025,01:31,Tuesday,0,0,9,16,1152,608,52.78,2,Fog,Monsoon,Low
TR969,Shatabdi Express,Hyderabad,Nagpur,Hyderabad-Nagpur,17-03-2025,20:34,Monday,0,0,6,20,1440,930,64.58,13,Fog,Monsoon,Medium
TR876,Intercity Express,Mumbai,Ahmedabad,Mumbai-Ahmedabad,23-03-2025,06:48,Sunday,1,0,7,10,720,591,82.08,0,Rainy,Monsoon,Medium
TR397,Shatabdi Express,Delhi,Ahmedabad,Delhi-Ahmedabad,27-07-2025,23:20,Sunday,1,0,6,19,1368,984,71.93,24,Rainy,Monsoon,Medium
TR661,Shatabdi Express,Bangalore,Pune,Bangalore-Pune,12-02-2025,09:22,Wednesday,0,1,5,15,1080,1157,107.13,10,Clear,Summer,High
TR848,Rajdhani Express,Chennai,Vizag,Chennai-Vizag,08-05-2025,13:24,Thursday,0,0,3,16,1152,1203,104.43,0,Clear,Winter,High
TR681,Shatabdi Express,Hyderabad,Jaipur,Hyderabad-Jaipur,04-03-2025,17:08,Tuesday,0,0,2,16,1152,1093,94.88,5,Cloudy,Summer,High
TR884,Garib Rath,Delhi,Jaipur,Delhi-Jaipur,22-02-2025,13:55,Saturday,1,0,4,13,936,783,83.65,0,Cloudy,Winter,Medium
TR831,Duronto Express,Delhi,Nagpur,Delhi-Nagpur,20-05-2025,19:57,Tuesday,0,0,5,20,1440,1231,85.49,33,Cloudy,Winter,Medium
TR993,Intercity Express,Bangalore,Pune,Bangalore-Pune,07-04-2025,20:32,Monday,0,0,9,15,1080,872,80.74,6,Rainy,Winter,Medium
TR685,Intercity Express,Mumbai,Ahmedabad,Mumbai-Ahmedabad,21-05-2025,04:14,Wednesday,0,1,2,15,1080,678,62.78,0,Clear,Winter,Medium
TR528,Intercity Express,Bangalore,Lucknow,Bangalore-Lucknow,18-08-2025,02:59,Monday,0,1,10,19,1368,698,51.02,17,Cloudy,Monsoon,Low
TR990,Garib Rath,Kolkata,Vizag,Kolkata-Vizag,30-08-2025,14:28,Saturday,1,0,3,14,1008,887,88,10,Cloudy,Winter,Medium
TR844,Rajdhani Express,Mumbai,Ahmedabad,Mumbai-Ahmedabad,25-10-2025,06:12,Saturday,1,0,9,15,1080,1019,94.35,0,Clear,Summer,High
TR192,Shatabdi Express,Chennai,Pune,Chennai-Pune,08-02-2025,23:55,Saturday,1,0,1,14,1008,900,89.29,0,Cloudy,Winter,Medium
TR881,Shatabdi Express,Hyderabad,Jaipur,Hyderabad-Jaipur,17-02-2025,06:37,Monday,0,0,4,17,1224,1338,109.31,0,Rainy,Summer,High
TR210,Shatabdi Express,Mumbai,Jaipur,Mumbai-Jaipur,13-12-2025,20:11,Saturday,1,0,6,12,864,659,76.27,33,Fog,Monsoon,Medium
TR928,Duronto Express,Kolkata,Lucknow,Kolkata-Lucknow,23-09-2025,23:10,Tuesday,0,0,4,16,1152,664,57.64,16,Clear,Monsoon,Low
TR745,Duronto Express,Delhi,Lucknow,Delhi-Lucknow,05-05-2025,19:24,Monday,0,0,1,13,936,846,90.38,25,Fog,Winter,High
TR953,Shatabdi Express,Hyderabad,Jaipur,Hyderabad-Jaipur,12-10-2025,00:06,Sunday,1,0,3,10,720,534,74.17,21,Rainy,Monsoon,Medium
TR994,Shatabdi Express,Mumbai,Lucknow,Mumbai-Lucknow,08-01-2025,12:13,Wednesday,0,0,4,18,1296,685,52.85,25,Cloudy,Winter,Low
TR110,Rajdhani Express,Hyderabad,Jaipur,Hyderabad-Jaipur,02-10-2025,16:53,Thursday,0,0,7,17,1224,683,55.8,26,Clear,Summer,Low
TR276,Shatabdi Express,Kolkata,Jaipur,Kolkata-Jaipur,25-12-2025,03:12,Thursday,0,0,6,16,1152,954,82.81,17,Clear,Monsoon,Medium
TR346,Intercity Express,Hyderabad,Pune,Hyderabad-Pune,09-03-2025,07:03,Sunday,1,0,3,9,648,622,95.99,0,Rainy,Summer,High
TR804,Shatabdi Express,Bangalore,Ahmedabad,Bangalore-Ahmedabad,15-09-2025,22:23,Monday,0,0,3,8,576,380,65.97,0,Clear,Monsoon,Medium
TR959,Intercity Express,Mumbai,Ahmedabad,Mumbai-Ahmedabad,10-09-2025,14:46,Wednesday,0,0,5,15,1080,679,62.87,0,Cloudy,Summer,Medium
TR513,Rajdhani Express,Chennai,Jaipur,Chennai-Jaipur,03-02-2025,06:06,Monday,0,0,9,14,1008,509,50.5,22,Fog,Summer,Low
TR786,Shatabdi Express,Bangalore,Ahmedabad,Bangalore-Ahmedabad,13-02-2025,09:44,Thursday,0,1,3,15,1080,1029,95.28,32,Rainy,Winter,High
TR368,Garib Rath,Kolkata,Vizag,Kolkata-Vizag,01-04-2025,22:47,Tuesday,0,0,7,18,1296,1097,84.65,43,Rainy,Summer,Medium
TR450,Rajdhani Express,Bangalore,Pune,Bangalore-Pune,14-05-2025,19:45,Wednesday,0,0,1,20,1440,1313,91.18,5,Clear,Monsoon,High
TR626,Rajdhani Express,Chennai,Vizag,Chennai-Vizag,11-07-2025,19:58,Friday,0,0,2,17,1224,1095,89.46,10,Clear,Monsoon,Medium
TR123,Garib Rath,Delhi,Vizag,Delhi-Vizag,04-12-2025,01:51,Thursday,0,0,9,19,1368,1454,106.29,15,Fog,Summer,High
TR552,Garib Rath,Delhi,Lucknow,Delhi-Lucknow,01-09-2025,08:05,Monday,0,0,5,12,864,553,64,9,Rainy,Winter,Medium
TR886,Intercity Express,Delhi,Pune,Delhi-Pune,03-12-2025,17:22,Wednesday,0,0,9,8,576,288,50,30,Fog,Winter,Low
TR682,Shatabdi Express,Delhi,Nagpur,Delhi-Nagpur,28-09-2025,00:53,Sunday,1,0,4,9,648,701,108.18,31,Rainy,Winter,High
TR390,Garib Rath,Delhi,Pune,Delhi-Pune,07-02-2025,00:22,Friday,0,0,3,9,648,455,70.22,10,Cloudy,Winter,Medium
TR536,Duronto Express,Kolkata,Pune,Kolkata-Pune,12-02-2025,03:41,Wednesday,0,0,2,11,792,734,92.68,32,Cloudy,Winter,High
TR908,Garib Rath,Hyderabad,Nagpur,Hyderabad-Nagpur,20-04-2025,11:16,Sunday,1,1,1,10,720,563,78.19,11,Cloudy,Winter,Medium
TR834,Rajdhani Express,Bangalore,Pune,Bangalore-Pune,07-02-2025,06:26,Friday,0,0,7,11,792,441,55.68,0,Cloudy,Monsoon,Low
TR101,Duronto Express,Kolkata,Nagpur,Kolkata-Nagpur,06-06-2025,20:19,Friday,0,0,6,20,1440,1205,83.68,9,Fog,Winter,Medium
TR997,Intercity Express,Mumbai,Lucknow,Mumbai-Lucknow,19-03-2025,02:47,Wednesday,0,0,8,13,936,972,103.85,0,Fog,Summer,High
TR740,Intercity Express,Chennai,Nagpur,Chennai-Nagpur,23-12-2025,06:20,Tuesday,0,0,6,14,1008,681,67.56,0,Fog,Winter,Medium
TR179,Intercity Express,Chennai,Ahmedabad,Chennai-Ahmedabad,21-02-2025,03:35,Friday,0,0,2,16,1152,672,58.33,14,Clear,Summer,Low
TR880,Intercity Express,Mumbai,Vizag,Mumbai-Vizag,30-01-2025,21:23,Thursday,0,0,6,11,792,612,77.27,0,Rainy,Summer,Medium
TR797,Rajdhani Express,Bangalore,Ahmedabad,Bangalore-Ahmedabad,11-09-2025,23:08,Thursday,0,0,4,16,1152,1042,90.45,34,Fog,Winter,High
TR258,Intercity Express,Kolkata,Ahmedabad,Kolkata-Ahmedabad,15-06-2025,20:55,Sunday,1,0,10,9,648,458,70.68,0,Clear,Winter,Medium
TR663,Garib Rath,Mumbai,Jaipur,Mumbai-Jaipur,07-07-2025,00:34,Monday,0,0,3,14,1008,746,74.01,6,Cloudy,Winter,Medium
TR255,Intercity Express,Chennai,Lucknow,Chennai-Lucknow,04-06-2025,08:49,Wednesday,0,0,2,20,1440,1070,74.31,15,Rainy,Summer,Medium
TR117,Duronto Express,Mumbai,Jaipur,Mumbai-Jaipur,11-10-2025,18:40,Saturday,1,0,10,11,792,766,96.72,9,Cloudy,Winter,High
TR278,Rajdhani Express,Chennai,Jaipur,Chennai-Jaipur,22-02-2025,06:23,Saturday,1,0,10,18,1296,1037,80.02,11,Rainy,Monsoon,Medium
TR434,Duronto Express,Mumbai,Jaipur,Mumbai-Jaipur,14-03-2025,19:09,Friday,0,0,4,17,1224,697,56.94,16,Rainy,Monsoon,Low
TR854,Garib Rath,Chennai,Pune,Chennai-Pune,08-09-2025,15:01,Monday,0,0,5,15,1080,633,58.61,15,Rainy,Monsoon,Low
TR361,Garib Rath,Bangalore,Vizag,Bangalore-Vizag,22-07-2025,16:52,Tuesday,0,1,10,10,720,429,59.58,0,Cloudy,Summer,Low
TR929,Garib Rath,Chennai,Pune,Chennai-Pune,08-07-2025,05:23,Tuesday,0,0,8,20,1440,1451,100.76,18,Clear,Winter,High
TR866,Intercity Express,Chennai,Pune,Chennai-Pune,16-07-2025,18:33,Wednesday,0,0,4,14,1008,673,66.77,0,Fog,Monsoon,Medium
TR114,Garib Rath,Mumbai,Nagpur,Mumbai-Nagpur,05-02-2025,23:31,Wednesday,0,0,3,10,720,697,96.81,0,Clear,Summer,High
TR700,Intercity Express,Kolkata,Nagpur,Kolkata-Nagpur,17-06-2025,03:00,Tuesday,0,0,2,12,864,793,91.78,20,Cloudy,Monsoon,High
TR921,Shatabdi Express,Mumbai,Jaipur,Mumbai-Jaipur,30-11-2025,20:31,Sunday,1,0,8,10,720,385,53.47,0,Cloudy,Winter,Low
TR782,Rajdhani Express,Mumbai,Ahmedabad,Mumbai-Ahmedabad,19-09-2025,06:07,Friday,0,0,4,14,1008,607,60.22,21,Fog,Summer,Medium
TR790,Garib Rath,Hyderabad,Pune,Hyderabad-Pune,17-11-2025,01:15,Monday,0,0,10,14,1008,965,95.73,19,Clear,Summer,High
TR861,Garib Rath,Chennai,Lucknow,Chennai-Lucknow,30-04-2025,14:36,Wednesday,0,0,7,16,1152,652,56.6,18,Fog,Summer,Low
TR551,Duronto Express,Mumbai,Pune,Mumbai-Pune,18-05-2025,11:47,Sunday,1,0,10,12,864,457,52.89,36,Rainy,Monsoon,Low
TR803,Garib Rath,Chennai,Vizag,Chennai-Vizag,01-04-2025,06:59,Tuesday,0,0,5,14,1008,894,88.69,0,Rainy,Summer,Medium
TR843,Garib Rath,Kolkata,Nagpur,Kolkata-Nagpur,04-12-2025,16:06,Thursday,0,0,2,10,720,519,72.08,24,Cloudy,Summer,Medium
TR479,Garib Rath,Hyderabad,Jaipur,Hyderabad-Jaipur,27-06-2025,20:56,Friday,0,0,9,19,1368,758,55.41,9,Rainy,Monsoon,Low
TR150,Rajdhani Express,Delhi,Lucknow,Delhi-Lucknow,14-03-2025,03:16,Friday,0,0,3,9,648,434,66.98,6,Clear,Winter,Medium
TR126,Shatabdi Express,Hyderabad,Vizag,Hyderabad-Vizag,15-07-2025,01:46,Tuesday,0,0,4,13,936,994,106.2,0,Fog,Summer,High
TR158,Duronto Express,Delhi,Jaipur,Delhi-Jaipur,12-11-2025,17:23,Wednesday,0,0,9,16,1152,1089,94.53,7,Cloudy,Monsoon,High
TR222,Garib Rath,Delhi,Pune,Delhi-Pune,22-06-2025,23:43,Sunday,1,0,10,9,648,437,67.44,2,Clear,Summer,Medium
TR918,Intercity Express,Mumbai,Vizag,Mumbai-Vizag,27-08-2025,19:03,Wednesday,0,0,10,15,1080,553,51.2,7,Clear,Monsoon,Low
TR517,Duronto Express,Mumbai,Nagpur,Mumbai-Nagpur,19-07-2025,20:52,Saturday,1,0,7,11,792,692,87.37,17,Rainy,Winter,Medium
TR506,Duronto Express,Hyderabad,Nagpur,Hyderabad-Nagpur,01-08-2025,21:33,Friday,0,1,6,20,1440,845,58.68,24,Clear,Winter,Low
TR165,Intercity Express,Delhi,Lucknow,Delhi-Lucknow,05-11-2025,16:09,Wednesday,0,0,5,9,648,618,95.37,5,Cloudy,Winter,High
TR854,Shatabdi Express,Mumbai,Vizag,Mumbai-Vizag,28-11-2025,18:45,Friday,0,0,5,14,1008,682,67.66,25,Fog,Monsoon,Medium
TR383,Shatabdi Express,Chennai,Nagpur,Chennai-Nagpur,01-03-2025,14:33,Saturday,1,0,6,19,1368,743,54.31,0,Cloudy,Monsoon,Low
TR802,Shatabdi Express,Bangalore,Ahmedabad,Bangalore-Ahmedabad,14-12-2025,02:57,Sunday,1,1,1,8,576,513,89.06,25,Cloudy,Winter,Medium
TR524,Duronto Express,Chennai,Jaipur,Chennai-Jaipur,16-06-2025,20:40,Monday,0,0,4,9,648,433,66.82,22,Cloudy,Winter,Medium
TR156,Garib Rath,Hyderabad,Vizag,Hyderabad-Vizag,27-05-2025,10:10,Tuesday,0,0,1,12,864,529,61.23,34,Clear,Winter,Medium
TR478,Intercity Express,Kolkata,Vizag,Kolkata-Vizag,11-06-2025,20:47,Wednesday,0,0,3,16,1152,979,84.98,0,Fog,Winter,Medium
TR182,Garib Rath,Chennai,Nagpur,Chennai-Nagpur,22-05-2025,22:10,Thursday,0,0,1,10,720,414,57.5,0,Cloudy,Monsoon,Low
TR177,Duronto Express,Mumbai,Vizag,Mumbai-Vizag,11-04-2025,10:51,Friday,0,0,4,8,576,437,75.87,1,Clear,Summer,Medium
TR816,Intercity Express,Chennai,Ahmedabad,Chennai-Ahmedabad,12-03-2025,16:52,Wednesday,0,0,7,14,1008,722,71.63,0,Rainy,Monsoon,Medium
TR903,Shatabdi Express,Kolkata,Pune,Kolkata-Pune,11-09-2025,18:01,Thursday,0,0,5,15,1080,1053,97.5,12,Clear,Monsoon,High
TR719,Duronto Express,Bangalore,Nagpur,Bangalore-Nagpur,10-07-2025,11:55,Thursday,0,1,5,12,864,539,62.38,7,Cloudy,Summer,Medium
TR537,Shatabdi Express,Delhi,Vizag,Delhi-Vizag,05-10-2025,09:50,Sunday,1,1,7,17,1224,1133,92.57,15,Clear,Monsoon,High
TR965,Shatabdi Express,Bangalore,Lucknow,Bangalore-Lucknow,08-07-2025,01:38,Tuesday,0,0,4,11,792,565,71.34,6,Fog,Summer,Medium
TR377,Duronto Express,Kolkata,Pune,Kolkata-Pune,11-10-2025,04:20,Saturday,1,1,1,16,1152,756,65.62,61,Cloudy,Winter,Medium
TR707,Intercity Express,Mumbai,Nagpur,Mumbai-Nagpur,28-01-2025,15:10,Tuesday,0,0,6,13,936,950,101.5,0,Rainy,Winter,High
TR631,Garib Rath,Kolkata,Lucknow,Kolkata-Lucknow,23-04-2025,11:22,Wednesday,0,1,5,14,1008,723,71.73,20,Fog,Summer,Medium
TR847,Garib Rath,Mumbai,Nagpur,Mumbai-Nagpur,29-04-2025,15:55,Tuesday,0,0,7,17,1224,740,60.46,0,Cloudy,Monsoon,Medium
TR455,Garib Rath,Delhi,Jaipur,Delhi-Jaipur,22-06-2025,12:30,Sunday,1,0,3,9,648,535,82.56,21,Cloudy,Winter,Medium
TR184,Intercity Express,Hyderabad,Vizag,Hyderabad-Vizag,31-03-2025,14:40,Monday,0,1,1,20,1440,1232,85.56,1,Fog,Winter,Medium
TR526,Duronto Express,Delhi,Nagpur,Delhi-Nagpur,12-09-2025,03:06,Friday,0,0,8,11,792,468,59.09,7,Clear,Summer,Low
TR197,Intercity Express,Hyderabad,Lucknow,Hyderabad-Lucknow,06-07-2025,17:14,Sunday,1,0,6,9,648,368,56.79,4,Cloudy,Monsoon,Low
TR648,Rajdhani Express,Chennai,Jaipur,Chennai-Jaipur,21-06-2025,12:35,Saturday,1,0,4,12,864,557,64.47,12,Fog,Winter,Medium
TR462,Intercity Express,Bangalore,Pune,Bangalore-Pune,30-09-2025,19:00,Tuesday,0,0,2,17,1224,1214,99.18,14,Rainy,Winter,High
TR449,Garib Rath,Delhi,Vizag,Delhi-Vizag,14-08-2025,02:07,Thursday,0,0,3,19,1368,1409,103,14,Clear,Summer,High
TR958,Duronto Express,Chennai,Nagpur,Chennai-Nagpur,11-10-2025,23:15,Saturday,1,0,9,14,1008,531,52.68,0,Clear,Summer,Low
TR947,Garib Rath,Kolkata,Jaipur,Kolkata-Jaipur,27-05-2025,01:00,Tuesday,0,0,2,13,936,997,106.52,6,Cloudy,Winter,High
TR171,Intercity Express,Hyderabad,Vizag,Hyderabad-Vizag,18-12-2025,03:39,Thursday,0,0,10,9,648,550,84.88,5,Cloudy,Winter,Medium
TR598,Rajdhani Express,Kolkata,Ahmedabad,Kolkata-Ahmedabad,16-03-2025,20:34,Sunday,1,0,6,20,1440,1526,105.97,0,Cloudy,Monsoon,High
TR355,Rajdhani Express,Mumbai,Ahmedabad,Mumbai-Ahmedabad,16-03-2025,05:37,Sunday,1,0,3,15,1080,587,54.35,19,Fog,Winter,Low
TR548,Duronto Express,Bangalore,Vizag,Bangalore-Vizag,08-12-2025,10:56,Monday,0,1,7,9,648,581,89.66,23,Cloudy,Monsoon,Medium
TR259,Rajdhani Express,Chennai,Nagpur,Chennai-Nagpur,20-12-2025,23:11,Saturday,1,0,1,19,1368,842,61.55,9,Fog,Monsoon,Medium
TR321,Duronto Express,Chennai,Lucknow,Chennai-Lucknow,14-08-2025,01:48,Thursday,0,0,8,10,720,644,89.44,20,Cloudy,Monsoon,Medium
TR980,Garib Rath,Bangalore,Lucknow,Bangalore-Lucknow,17-05-2025,06:12,Saturday,1,0,7,9,648,453,69.91,20,Fog,Monsoon,Medium
TR990,Garib Rath,Bangalore,Vizag,Bangalore-Vizag,02-08-2025,12:27,Saturday,1,0,9,18,1296,714,55.09,26,Cloudy,Summer,Low
TR278,Duronto Express,Mumbai,Jaipur,Mumbai-Jaipur,03-09-2025,04:07,Wednesday,0,0,2,17,1224,722,58.99,15,Clear,Winter,Low
TR697,Duronto Express,Hyderabad,Jaipur,Hyderabad-Jaipur,12-04-2025,00:37,Saturday,1,0,2,19,1368,907,66.3,22,Rainy,Winter,Medium
TR359,Rajdhani Express,Mumbai,Nagpur,Mumbai-Nagpur,16-05-2025,04:26,Friday,0,0,9,12,864,452,52.31,29,Rainy,Monsoon,Low
TR731,Garib Rath,Hyderabad,Jaipur,Hyderabad-Jaipur,14-02-2025,11:59,Friday,0,0,4,13,936,765,81.73,31,Clear,Winter,Medium
TR743,Garib Rath,Chennai,Jaipur,Chennai-Jaipur,20-02-2025,15:51,Thursday,0,0,6,20,1440,1399,97.15,21,Fog,Monsoon,High
TR999,Rajdhani Express,Mumbai,Ahmedabad,Mumbai-Ahmedabad,04-06-2025,13:15,Wednesday,0,0,6,9,648,645,99.54,8,Fog,Summer,High
TR947,Rajdhani Express,Kolkata,Vizag,Kolkata-Vizag,09-02-2025,16:02,Sunday,1,0,9,14,1008,963,95.54,10,Cloudy,Winter,High
TR829,Duronto Express,Mumbai,Nagpur,Mumbai-Nagpur,06-04-2025,20:36,Sunday,1,0,2,18,1296,685,52.85,0,Rainy,Winter,Low
TR611,Garib Rath,Kolkata,Lucknow,Kolkata-Lucknow,28-04-2025,01:51,Monday,0,0,9,19,1368,1022,74.71,28,Fog,Winter,Medium
TR888,Rajdhani Express,Hyderabad,Pune,Hyderabad-Pune,05-01-2025,11:06,Sunday,1,0,4,11,792,828,104.55,11,Clear,Summer,High
TR996,Shatabdi Express,Kolkata,Nagpur,Kolkata-Nagpur,20-07-2025,23:45,Sunday,1,1,7,9,648,354,54.63,8,Clear,Monsoon,Low
TR177,Shatabdi Express,Chennai,Vizag,Chennai-Vizag,01-03-2025,01:01,Saturday,1,0,8,10,720,407,56.53,0,Clear,Winter,Low
TR624,Shatabdi Express,Kolkata,Ahmedabad,Kolkata-Ahmedabad,18-03-2025,01:12,Tuesday,0,0,2,19,1368,1091,79.75,10,Rainy,Monsoon,Medium
TR681,Shatabdi Express,Kolkata,Vizag,Kolkata-Vizag,24-12-2025,19:59,Wednesday,0,0,4,8,576,334,57.99,24,Fog,Winter,Low
TR138,Duronto Express,Delhi,Pune,Delhi-Pune,27-08-2025,02:12,Wednesday,0,0,9,15,1080,796,73.7,15,Rainy,Winter,Medium
TR470,Intercity Express,Delhi,Lucknow,Delhi-Lucknow,24-12-2025,22:42,Wednesday,0,0,2,20,1440,1398,97.08,0,Clear,Winter,High
TR100,Rajdhani Express,Delhi,Ahmedabad,Delhi-Ahmedabad,11-10-2025,16:16,Saturday,1,0,7,15,1080,641,59.35,0,Fog,Monsoon,Low
TR543,Garib Rath,Kolkata,Nagpur,Kolkata-Nagpur,11-02-2025,04:52,Tuesday,0,0,8,12,864,772,89.35,0,Cloudy,Monsoon,Medium
TR560,Duronto Express,Delhi,Ahmedabad,Delhi-Ahmedabad,02-03-2025,17:08,Sunday,1,0,6,8,576,389,67.53,12,Clear,Monsoon,Medium
TR657,Intercity Express,Bangalore,Pune,Bangalore-Pune,25-10-2025,06:11,Saturday,1,0,7,18,1296,1154,89.04,1,Clear,Winter,Medium
TR259,Garib Rath,Hyderabad,Ahmedabad,Hyderabad-Ahmedabad,13-03-2025,10:32,Thursday,0,0,6,10,720,482,66.94,55,Rainy,Summer,Medium
TR918,Intercity Express,Delhi,Lucknow,Delhi-Lucknow,05-07-2025,22:17,Saturday,1,0,2,14,1008,883,87.6,20,Cloudy,Winter,Medium
TR758,Duronto Express,Delhi,Nagpur,Delhi-Nagpur,08-04-2025,02:25,Tuesday,0,0,10,19,1368,698,51.02,15,Cloudy,Winter,Low
TR963,Shatabdi Express,Chennai,Ahmedabad,Chennai-Ahmedabad,07-12-2025,12:19,Sunday,1,0,1,14,1008,939,93.15,8,Fog,Monsoon,High
TR201,Duronto Express,Delhi,Ahmedabad,Delhi-Ahmedabad,18-09-2025,23:55,Thursday,0,0,9,12,864,757,87.62,15,Clear,Summer,Medium
TR590,Intercity Express,Hyderabad,Nagpur,Hyderabad-Nagpur,14-11-2025,14:17,Friday,0,0,7,17,1224,654,53.43,0,Clear,Monsoon,Low
TR670,Shatabdi Express,Chennai,Nagpur,Chennai-Nagpur,17-05-2025,22:11,Saturday,1,0,9,12,864,550,63.66,0,Cloudy,Winter,Medium
TR735,Duronto Express,Bangalore,Nagpur,Bangalore-Nagpur,24-01-2025,03:54,Friday,0,1,5,15,1080,1175,108.8,27,Fog,Summer,High
TR663,Duronto Express,Hyderabad,Jaipur,Hyderabad-Jaipur,06-12-2025,04:54,Saturday,1,1,6,8,576,412,71.53,10,Cloudy,Monsoon,Medium
TR385,Shatabdi Express,Chennai,Nagpur,Chennai-Nagpur,15-07-2025,10:55,Tuesday,0,0,1,16,1152,998,86.63,8,Cloudy,Summer,Medium
TR796,Intercity Express,Chennai,Ahmedabad,Chennai-Ahmedabad,17-07-2025,16:05,Thursday,0,0,3,19,1368,730,53.36,30,Clear,Summer,Low
TR145,Duronto Express,Delhi,Jaipur,Delhi-Jaipur,10-06-2025,09:57,Tuesday,0,0,4,14,1008,965,95.73,10,Cloudy,Summer,High
TR807,Rajdhani Express,Bangalore,Vizag,Bangalore-Vizag,15-03-2025,13:23,Saturday,1,0,7,17,1224,648,52.94,9,Rainy,Winter,Low
TR389,Shatabdi Express,Delhi,Ahmedabad,Delhi-Ahmedabad,18-02-2025,06:35,Tuesday,0,0,7,16,1152,1024,88.89,19,Clear,Summer,Medium
TR852,Duronto Express,Delhi,Pune,Delhi-Pune,31-10-2025,06:08,Friday,0,1,10,9,648,454,70.06,18,Fog,Monsoon,Medium
TR788,Shatabdi Express,Chennai,Nagpur,Chennai-Nagpur,30-07-2025,17:43,Wednesday,0,1,6,8,576,315,54.69,7,Cloudy,Summer,Low
TR925,Shatabdi Express,Hyderabad,Lucknow,Hyderabad-Lucknow,17-06-2025,23:40,Tuesday,0,1,8,9,648,386,59.57,25,Fog,Summer,Low
TR518,Duronto Express,Kolkata,Jaipur,Kolkata-Jaipur,26-01-2025,14:06,Sunday,1,0,5,14,1008,568,56.35,0,Fog,Monsoon,Low
TR394,Garib Rath,Delhi,Vizag,Delhi-Vizag,21-01-2025,22:31,Tuesday,0,0,8,20,1440,976,67.78,0,Rainy,Summer,Medium
TR292,Duronto Express,Delhi,Jaipur,Delhi-Jaipur,29-06-2025,12:39,Sunday,1,1,10,15,1080,986,91.3,2,Rainy,Winter,High
TR556,Duronto Express,Bangalore,Vizag,Bangalore-Vizag,19-04-2025,06:26,Saturday,1,0,6,9,648,681,105.09,11,Clear,Monsoon,High
TR190,Shatabdi Express,Bangalore,Lucknow,Bangalore-Lucknow,31-08-2025,06:59,Sunday,1,0,7,8,576,509,88.37,5,Rainy,Winter,Medium
TR218,Shatabdi Express,Bangalore,Nagpur,Bangalore-Nagpur,28-04-2025,13:57,Monday,0,0,5,14,1008,1096,108.73,0,Rainy,Monsoon,High
TR296,Garib Rath,Delhi,Lucknow,Delhi-Lucknow,24-01-2025,21:20,Friday,0,0,6,17,1224,1290,105.39,19,Fog,Monsoon,High
TR765,Duronto Express,Mumbai,Lucknow,Mumbai-Lucknow,08-03-2025,14:47,Saturday,1,0,1,17,1224,1282,104.74,0,Clear,Monsoon,High
TR587,Intercity Express,Kolkata,Ahmedabad,Kolkata-Ahmedabad,19-04-2025,11:07,Saturday,1,0,7,16,1152,892,77.43,11,Clear,Summer,Medium
TR375,Duronto Express,Mumbai,Jaipur,Mumbai-Jaipur,07-04-2025,20:30,Monday,0,0,5,14,1008,818,81.15,20,Clear,Monsoon,Medium
TR473,Duronto Express,Hyderabad,Pune,Hyderabad-Pune,09-12-2025,11:21,Tuesday,0,0,9,17,1224,1099,89.79,15,Cloudy,Summer,Medium
TR456,Intercity Express,Hyderabad,Jaipur,Hyderabad-Jaipur,01-08-2025,21:52,Friday,0,0,1,15,1080,787,72.87,29,Rainy,Winter,Medium
TR694,Intercity Express,Delhi,Pune,Delhi-Pune,27-08-2025,23:14,Wednesday,0,1,10,10,720,461,64.03,22,Clear,Monsoon,Medium
TR746,Intercity Express,Kolkata,Pune,Kolkata-Pune,03-04-2025,20:55,Thursday,0,0,6,8,576,299,51.91,17,Rainy,Winter,Low
TR132,Duronto Express,Chennai,Jaipur,Chennai-Jaipur,23-07-2025,03:48,Wednesday,0,0,5,16,1152,1214,105.38,14,Rainy,Monsoon,High
TR873,Intercity Express,Delhi,Pune,Delhi-Pune,19-11-2025,14:22,Wednesday,0,0,10,14,1008,543,53.87,0,Fog,Summer,Low
TR876,Shatabdi Express,Bangalore,Jaipur,Bangalore-Jaipur,23-10-2025,10:52,Thursday,0,0,2,13,936,851,90.92,0,Rainy,Winter,High
TR646,Rajdhani Express,Kolkata,Ahmedabad,Kolkata-Ahmedabad,07-07-2025,06:17,Monday,0,0,5,19,1368,991,72.44,26,Clear,Summer,Medium
TR360,Duronto Express,Delhi,Jaipur,Delhi-Jaipur,21-07-2025,14:58,Monday,0,0,5,20,1440,1424,98.89,0,Cloudy,Monsoon,High
TR331,Garib Rath,Delhi,Jaipur,Delhi-Jaipur,20-06-2025,13:43,Friday,0,0,4,9,648,633,97.69,0,Clear,Winter,High
TR131,Garib Rath,Mumbai,Pune,Mumbai-Pune,05-04-2025,02:36,Saturday,1,1,4,14,1008,990,98.21,14,Fog,Summer,High
TR523,Intercity Express,Bangalore,Lucknow,Bangalore-Lucknow,27-04-2025,10:38,Sunday,1,1,1,18,1296,1173,90.51,8,Fog,Monsoon,High
TR994,Intercity Express,Hyderabad,Pune,Hyderabad-Pune,11-06-2025,07:25,Wednesday,0,0,2,15,1080,1032,95.56,0,Fog,Monsoon,High
TR510,Garib Rath,Delhi,Pune,Delhi-Pune,09-08-2025,12:27,Saturday,1,0,1,18,1296,934,72.07,0,Rainy,Summer,Medium
TR743,Duronto Express,Chennai,Pune,Chennai-Pune,30-03-2025,02:13,Sunday,1,0,10,20,1440,1331,92.43,9,Fog,Monsoon,High
TR701,Rajdhani Express,Hyderabad,Lucknow,Hyderabad-Lucknow,20-01-2025,08:26,Monday,0,0,9,13,936,720,76.92,31,Rainy,Winter,Medium
TR617,Intercity Express,Hyderabad,Lucknow,Hyderabad-Lucknow,20-04-2025,19:08,Sunday,1,0,5,12,864,912,105.56,16,Rainy,Monsoon,High
TR247,Intercity Express,Chennai,Lucknow,Chennai-Lucknow,11-10-2025,10:46,Saturday,1,0,6,17,1224,1252,102.29,7,Rainy,Winter,High
TR417,Shatabdi Express,Mumbai,Lucknow,Mumbai-Lucknow,24-01-2025,11:43,Friday,0,0,9,18,1296,714,55.09,31,Cloudy,Summer,Low
TR965,Intercity Express,Kolkata,Pune,Kolkata-Pune,01-09-2025,20:22,Monday,0,0,6,14,1008,957,94.94,0,Fog,Winter,High
TR524,Shatabdi Express,Chennai,Lucknow,Chennai-Lucknow,04-04-2025,08:56,Friday,0,0,1,9,648,657,101.39,16,Rainy,Monsoon,High
TR899,Shatabdi Express,Kolkata,Nagpur,Kolkata-Nagpur,15-08-2025,12:19,Friday,0,0,4,14,1008,1108,109.92,17,Fog,Winter,High
TR965,Shatabdi Express,Kolkata,Ahmedabad,Kolkata-Ahmedabad,02-10-2025,23:51,Thursday,0,0,3,16,1152,668,57.99,0,Rainy,Winter,Low
TR578,Duronto Express,Chennai,Ahmedabad,Chennai-Ahmedabad,25-03-2025,17:49,Tuesday,0,0,5,10,720,623,86.53,5,Rainy,Monsoon,Medium
TR837,Intercity Express,Chennai,Ahmedabad,Chennai-Ahmedabad,30-07-2025,00:21,Wednesday,0,1,2,11,792,712,89.9,11,Clear,Summer,Medium
TR123,Rajdhani Express,Bangalore,Vizag,Bangalore-Vizag,16-05-2025,09:08,Friday,0,0,4,20,1440,1219,84.65,0,Clear,Monsoon,Medium
TR191,Rajdhani Express,Delhi,Jaipur,Delhi-Jaipur,27-02-2025,13:40,Thursday,0,0,2,15,1080,881,81.57,8,Fog,Monsoon,Medium
TR111,Rajdhani Express,Kolkata,Jaipur,Kolkata-Jaipur,22-06-2025,16:22,Sunday,1,0,9,9,648,578,89.2,7,Clear,Winter,Medium
TR138,Garib Rath,Mumbai,Ahmedabad,Mumbai-Ahmedabad,17-03-2025,13:11,Monday,0,0,8,15,1080,957,88.61,25,Clear,Winter,Medium
TR205,Intercity Express,Bangalore,Vizag,Bangalore-Vizag,23-08-2025,06:00,Saturday,1,0,4,19,1368,691,50.51,0,Rainy,Winter,Low
TR630,Rajdhani Express,Bangalore,Vizag,Bangalore-Vizag,22-06-2025,19:00,Sunday,1,0,5,18,1296,1146,88.43,3,Rainy,Summer,Medium
TR638,Intercity Express,Delhi,Pune,Delhi-Pune,28-03-2025,08:22,Friday,0,1,3,19,1368,1390,101.61,0,Rainy,Summer,High
TR809,Intercity Express,Bangalore,Nagpur,Bangalore-Nagpur,28-05-2025,04:21,Wednesday,0,1,10,11,792,730,92.17,23,Fog,Monsoon,High
TR578,Shatabdi Express,Delhi,Pune,Delhi-Pune,03-08-2025,10:52,Sunday,1,0,1,19,1368,1062,77.63,39,Clear,Monsoon,Medium
TR437,Garib Rath,Hyderabad,Pune,Hyderabad-Pune,03-09-2025,23:01,Wednesday,0,1,10,13,936,960,102.56,0,Rainy,Monsoon,High
TR719,Garib Rath,Kolkata,Lucknow,Kolkata-Lucknow,11-02-2025,22:10,Tuesday,0,0,7,9,648,388,59.88,22,Rainy,Monsoon,Low
TR353,Garib Rath,Bangalore,Ahmedabad,Bangalore-Ahmedabad,28-02-2025,21:37,Friday,0,0,10,16,1152,978,84.9,0,Rainy,Monsoon,Medium
TR925,Duronto Express,Kolkata,Vizag,Kolkata-Vizag,09-02-2025,09:47,Sunday,1,0,8,15,1080,949,87.87,0,Fog,Monsoon,Medium
TR162,Garib Rath,Chennai,Pune,Chennai-Pune,02-02-2025,05:21,Sunday,1,0,3,18,1296,763,58.87,0,Fog,Winter,Low
TR451,Rajdhani Express,Chennai,Vizag,Chennai-Vizag,27-08-2025,17:35,Wednesday,0,1,5,13,936,675,72.12,14,Clear,Monsoon,Medium
TR859,Rajdhani Express,Kolkata,Vizag,Kolkata-Vizag,24-08-2025,18:35,Sunday,1,0,7,14,1008,824,81.75,18,Cloudy,Monsoon,Medium
TR296,Duronto Express,Mumbai,Nagpur,Mumbai-Nagpur,06-12-2025,17:18,Saturday,1,0,4,12,864,854,98.84,27,Clear,Monsoon,High
TR893,Intercity Express,Kolkata,Nagpur,Kolkata-Nagpur,30-09-2025,14:21,Tuesday,0,0,6,10,720,726,100.83,8,Rainy,Monsoon,High
TR358,Rajdhani Express,Bangalore,Lucknow,Bangalore-Lucknow,25-04-2025,05:37,Friday,0,0,5,11,792,733,92.55,12,Cloudy,Summer,High
TR980,Shatabdi Express,Hyderabad,Nagpur,Hyderabad-Nagpur,01-10-2025,02:49,Wednesday,0,1,7,11,792,796,100.51,32,Clear,Winter,High
TR466,Duronto Express,Bangalore,Jaipur,Bangalore-Jaipur,23-12-2025,06:26,Tuesday,0,0,7,8,576,425,73.78,0,Cloudy,Summer,Medium
TR639,Duronto Express,Hyderabad,Lucknow,Hyderabad-Lucknow,27-06-2025,14:07,Friday,0,0,7,19,1368,984,71.93,0,Clear,Monsoon,Medium
TR189,Intercity Express,Chennai,Nagpur,Chennai-Nagpur,16-11-2025,06:16,Sunday,1,0,6,19,1368,1390,101.61,0,Clear,Winter,High
TR162,Rajdhani Express,Delhi,Jaipur,Delhi-Jaipur,27-05-2025,00:50,Tuesday,0,0,5,17,1224,801,65.44,9,Clear,Summer,Medium
TR921,Intercity Express,Chennai,Ahmedabad,Chennai-Ahmedabad,23-09-2025,03:43,Tuesday,0,0,4,14,1008,753,74.7,0,Fog,Summer,Medium
TR318,Rajdhani Express,Bangalore,Jaipur,Bangalore-Jaipur,17-07-2025,09:34,Thursday,0,0,7,12,864,866,100.23,34,Clear,Summer,High
TR574,Garib Rath,Chennai,Pune,Chennai-Pune,17-07-2025,14:49,Thursday,0,0,2,15,1080,549,50.83,0,Fog,Summer,Low
TR817,Rajdhani Express,Bangalore,Jaipur,Bangalore-Jaipur,30-11-2025,07:47,Sunday,1,1,1,9,648,510,78.7,36,Cloudy,Summer,Medium
TR908,Intercity Express,Hyderabad,Ahmedabad,Hyderabad-Ahmedabad,01-01-2025,17:22,Wednesday,0,0,1,19,1368,1227,89.69,12,Fog,Summer,Medium
TR121,Duronto Express,Delhi,Lucknow,Delhi-Lucknow,25-07-2025,18:41,Friday,0,0,5,14,1008,928,92.06,11,Cloudy,Winter,High
TR616,Duronto Express,Bangalore,Ahmedabad,Bangalore-Ahmedabad,07-03-2025,15:37,Friday,0,0,7,16,1152,750,65.1,18,Rainy,Monsoon,Medium
TR162,Rajdhani Express,Delhi,Lucknow,Delhi-Lucknow,25-05-2025,04:25,Sunday,1,0,9,19,1368,1115,81.51,8,Clear,Monsoon,Medium
TR174,Shatabdi Express,Delhi,Vizag,Delhi-Vizag,27-05-2025,02:34,Tuesday,0,0,2,8,576,453,78.65,0,Cloudy,Monsoon,Medium
TR642,Garib Rath,Mumbai,Lucknow,Mumbai-Lucknow,17-10-2025,02:15,Friday,0,0,10,20,1440,1171,81.32,0,Rainy,Winter,Medium
TR260,Garib Rath,Hyderabad,Jaipur,Hyderabad-Jaipur,25-10-2025,20:10,Saturday,1,0,2,16,1152,980,85.07,29,Cloudy,Summer,Medium
TR881,Duronto Express,Delhi,Jaipur,Delhi-Jaipur,24-03-2025,06:12,Monday,0,0,3,18,1296,884,68.21,16,Fog,Summer,Medium
TR598,Shatabdi Express,Bangalore,Lucknow,Bangalore-Lucknow,16-05-2025,12:32,Friday,0,0,7,18,1296,1404,108.33,10,Cloudy,Summer,High
TR368,Garib Rath,Chennai,Jaipur,Chennai-Jaipur,04-04-2025,19:47,Friday,0,0,1,14,1008,696,69.05,10,Clear,Monsoon,Medium
TR426,Intercity Express,Bangalore,Jaipur,Bangalore-Jaipur,11-06-2025,11:58,Wednesday,0,0,10,18,1296,1060,81.79,19,Cloudy,Winter,Medium
TR364,Garib Rath,Chennai,Pune,Chennai-Pune,31-10-2025,19:00,Friday,0,0,10,11,792,870,109.85,2,Rainy,Monsoon,High
TR253,Rajdhani Express,Chennai,Lucknow,Chennai-Lucknow,08-04-2025,11:22,Tuesday,0,1,5,19,1368,1399,102.27,18,Cloudy,Winter,High
TR618,Rajdhani Express,Hyderabad,Vizag,Hyderabad-Vizag,13-02-2025,05:23,Thursday,0,1,4,10,720,745,103.47,0,Fog,Winter,High
TR855,Shatabdi Express,Chennai,Lucknow,Chennai-Lucknow,13-09-2025,08:27,Saturday,1,0,3,8,576,361,62.67,2,Rainy,Winter,Medium
TR292,Garib Rath,Kolkata,Ahmedabad,Kolkata-Ahmedabad,08-09-2025,21:40,Monday,0,0,3,9,648,569,87.81,0,Rainy,Summer,Medium
TR100,Shatabdi Express,Delhi,Nagpur,Delhi-Nagpur,26-11-2025,23:32,Wednesday,0,0,9,20,1440,855,59.38,0,Cloudy,Summer,Low
TR140,Duronto Express,Bangalore,Jaipur,Bangalore-Jaipur,19-01-2025,18:20,Sunday,1,0,8,17,1224,1267,103.51,7,Clear,Monsoon,High
TR387,Garib Rath,Kolkata,Lucknow,Kolkata-Lucknow,06-11-2025,18:03,Thursday,0,0,1,15,1080,1061,98.24,46,Clear,Winter,High
TR938,Intercity Express,Mumbai,Vizag,Mumbai-Vizag,25-08-2025,08:03,Monday,0,0,4,19,1368,875,63.96,18,Clear,Summer,Medium
TR696,Garib Rath,Delhi,Ahmedabad,Delhi-Ahmedabad,28-10-2025,22:08,Tuesday,0,0,1,17,1224,701,57.27,17,Clear,Monsoon,Low
TR277,Intercity Express,Kolkata,Nagpur,Kolkata-Nagpur,05-02-2025,01:53,Wednesday,0,0,9,19,1368,946,69.15,15,Rainy,Summer,Medium
TR870,Shatabdi Express,Delhi,Ahmedabad,Delhi-Ahmedabad,03-06-2025,16:02,Tuesday,0,0,3,17,1224,1222,99.84,7,Rainy,Monsoon,High
TR137,Garib Rath,Chennai,Nagpur,Chennai-Nagpur,09-05-2025,19:44,Friday,0,0,10,14,1008,736,73.02,0,Clear,Monsoon,Medium
TR937,Intercity Express,Delhi,Vizag,Delhi-Vizag,16-09-2025,11:31,Tuesday,0,0,6,16,1152,961,83.42,0,Rainy,Summer,Medium
TR913,Garib Rath,Mumbai,Ahmedabad,Mumbai-Ahmedabad,05-02-2025,20:18,Wednesday,0,0,7,9,648,692,106.79,6,Clear,Winter,High
TR220,Intercity Express,Delhi,Jaipur,Delhi-Jaipur,13-05-2025,01:39,Tuesday,0,0,9,9,648,548,84.57,38,Clear,Summer,Medium
TR640,Rajdhani Express,Kolkata,Lucknow,Kolkata-Lucknow,11-06-2025,16:45,Wednesday,0,0,7,19,1368,1199,87.65,0,Clear,Winter,Medium
TR909,Garib Rath,Bangalore,Jaipur,Bangalore-Jaipur,06-11-2025,13:26,Thursday,0,0,1,10,720,778,108.06,9,Rainy,Monsoon,High
TR732,Duronto Express,Kolkata,Pune,Kolkata-Pune,23-08-2025,20:15,Saturday,1,0,6,9,648,329,50.77,0,Rainy,Summer,Low
TR488,Shatabdi Express,Kolkata,Pune,Kolkata-Pune,17-08-2025,19:21,Sunday,1,0,9,9,648,622,95.99,1,Clear,Winter,High
TR987,Duronto Express,Chennai,Vizag,Chennai-Vizag,22-09-2025,01:57,Monday,0,0,2,14,1008,612,60.71,21,Cloudy,Monsoon,Medium
TR264,Shatabdi Express,Hyderabad,Ahmedabad,Hyderabad-Ahmedabad,30-08-2025,12:55,Saturday,1,0,9,13,936,1010,107.91,7,Cloudy,Winter,High
TR796,Rajdhani Express,Kolkata,Pune,Kolkata-Pune,14-06-2025,05:21,Saturday,1,1,4,19,1368,1431,104.61,0,Rainy,Winter,High
TR575,Shatabdi Express,Hyderabad,Ahmedabad,Hyderabad-Ahmedabad,07-12-2025,01:06,Sunday,1,1,6,18,1296,1418,109.41,0,Cloudy,Monsoon,High
TR655,Rajdhani Express,Hyderabad,Nagpur,Hyderabad-Nagpur,20-12-2025,09:34,Saturday,1,0,2,10,720,677,94.03,12,Cloudy,Summer,High
TR256,Duronto Express,Hyderabad,Lucknow,Hyderabad-Lucknow,13-01-2025,00:34,Monday,0,0,4,12,864,836,96.76,5,Clear,Summer,High
TR297,Shatabdi Express,Kolkata,Vizag,Kolkata-Vizag,07-10-2025,00:52,Tuesday,0,1,6,15,1080,1133,104.91,42,Clear,Winter,High
TR283,Duronto Express,Chennai,Jaipur,Chennai-Jaipur,20-04-2025,02:26,Sunday,1,0,3,19,1368,914,66.81,39,Clear,Summer,Medium
TR228,Duronto Express,Delhi,Jaipur,Delhi-Jaipur,01-05-2025,00:19,Thursday,0,0,4,12,864,908,105.09,0,Fog,Winter,High
TR670,Duronto Express,Bangalore,Pune,Bangalore-Pune,18-06-2025,23:03,Wednesday,0,0,5,17,1224,894,73.04,14,Clear,Winter,Medium
TR415,Shatabdi Express,Bangalore,Pune,Bangalore-Pune,08-04-2025,02:02,Tuesday,0,0,6,18,1296,1309,101,1,Fog,Summer,High
TR863,Intercity Express,Delhi,Lucknow,Delhi-Lucknow,06-02-2025,07:31,Thursday,0,0,7,19,1368,1152,84.21,13,Clear,Summer,Medium
TR500,Intercity Express,Mumbai,Pune,Mumbai-Pune,07-07-2025,11:44,Monday,0,0,3,14,1008,657,65.18,18,Cloudy,Summer,Medium
TR908,Duronto Express,Hyderabad,Pune,Hyderabad-Pune,27-07-2025,16:00,Sunday,1,0,1,16,1152,946,82.12,10,Clear,Winter,Medium
TR817,Rajdhani Express,Hyderabad,Ahmedabad,Hyderabad-Ahmedabad,05-10-2025,03:54,Sunday,1,0,10,13,936,828,88.46,25,Cloudy,Winter,Medium
TR530,Duronto Express,Mumbai,Jaipur,Mumbai-Jaipur,03-09-2025,20:06,Wednesday,0,0,10,16,1152,764,66.32,0,Rainy,Monsoon,Medium
TR675,Duronto Express,Mumbai,Lucknow,Mumbai-Lucknow,19-12-2025,13:09,Friday,0,0,6,15,1080,608,56.3,3,Clear,Summer,Low
TR671,Rajdhani Express,Bangalore,Jaipur,Bangalore-Jaipur,21-07-2025,14:02,Monday,0,0,2,11,792,407,51.39,0,Fog,Monsoon,Low
TR300,Garib Rath,Delhi,Pune,Delhi-Pune,25-09-2025,05:20,Thursday,0,0,4,13,936,872,93.16,19,Fog,Winter,High
TR979,Intercity Express,Mumbai,Nagpur,Mumbai-Nagpur,21-02-2025,11:48,Friday,0,0,2,15,1080,866,80.19,21,Rainy,Summer,Medium
TR838,Duronto Express,Hyderabad,Ahmedabad,Hyderabad-Ahmedabad,17-07-2025,05:14,Thursday,0,0,2,8,576,386,67.01,0,Fog,Summer,Medium
TR308,Intercity Express,Hyderabad,Nagpur,Hyderabad-Nagpur,01-07-2025,07:59,Tuesday,0,0,7,17,1224,667,54.49,0,Clear,Monsoon,Low
TR309,Shatabdi Express,Chennai,Vizag,Chennai-Vizag,25-08-2025,05:37,Monday,0,0,6,9,648,526,81.17,19,Cloudy,Summer,Medium
TR335,Duronto Express,Delhi,Jaipur,Delhi-Jaipur,16-12-2025,16:30,Tuesday,0,0,6,17,1224,1041,85.05,12,Clear,Monsoon,Medium
TR594,Garib Rath,Kolkata,Lucknow,Kolkata-Lucknow,04-02-2025,23:48,Tuesday,0,0,10,18,1296,1156,89.2,10,Clear,Winter,Medium
TR298,Intercity Express,Mumbai,Nagpur,Mumbai-Nagpur,21-04-2025,04:55,Monday,0,0,7,12,864,671,77.66,6,Clear,Winter,Medium
TR594,Shatabdi Express,Kolkata,Ahmedabad,Kolkata-Ahmedabad,18-01-2025,05:45,Saturday,1,0,2,9,648,372,57.41,0,Cloudy,Monsoon,Low
TR636,Duronto Express,Hyderabad,Nagpur,Hyderabad-Nagpur,27-08-2025,22:51,Wednesday,0,0,2,8,576,348,60.42,9,Cloudy,Summer,Medium
TR965,Shatabdi Express,Mumbai,Jaipur,Mumbai-Jaipur,27-02-2025,16:44,Thursday,0,0,4,9,648,643,99.23,5,Rainy,Winter,High
TR728,Intercity Express,Bangalore,Lucknow,Bangalore-Lucknow,16-07-2025,19:37,Wednesday,0,0,10,8,576,579,100.52,0,Fog,Summer,High
TR971,Intercity Express,Mumbai,Ahmedabad,Mumbai-Ahmedabad,11-01-2025,10:05,Saturday,1,0,4,10,720,603,83.75,14,Fog,Monsoon,Medium
TR141,Rajdhani Express,Mumbai,Vizag,Mumbai-Vizag,18-03-2025,13:50,Tuesday,0,0,9,11,792,622,78.54,24,Cloudy,Summer,Medium
TR362,Rajdhani Express,Chennai,Vizag,Chennai-Vizag,08-08-2025,18:05,Friday,0,0,7,19,1368,990,72.37,7,Rainy,Summer,Medium
TR544,Duronto Express,Bangalore,Pune,Bangalore-Pune,02-08-2025,20:49,Saturday,1,0,3,12,864,869,100.58,29,Clear,Monsoon,High
TR457,Intercity Express,Mumbai,Pune,Mumbai-Pune,24-02-2025,01:14,Monday,0,0,1,14,1008,1008,100,0,Clear,Summer,High
TR396,Shatabdi Express,Hyderabad,Jaipur,Hyderabad-Jaipur,05-10-2025,13:52,Sunday,1,0,8,15,1080,892,82.59,4,Clear,Summer,Medium
TR364,Rajdhani Express,Bangalore,Jaipur,Bangalore-Jaipur,22-07-2025,22:34,Tuesday,0,0,6,11,792,418,52.78,11,Cloudy,Winter,Low
TR546,Rajdhani Express,Kolkata,Jaipur,Kolkata-Jaipur,15-12-2025,10:51,Monday,0,0,7,15,1080,840,77.78,14,Rainy,Monsoon,Medium
TR497,Rajdhani Express,Kolkata,Nagpur,Kolkata-Nagpur,24-11-2025,07:27,Monday,0,0,3,12,864,584,67.59,19,Fog,Summer,Medium
TR740,Garib Rath,Chennai,Ahmedabad,Chennai-Ahmedabad,19-08-2025,19:47,Tuesday,0,0,4,11,792,754,95.2,11,Rainy,Winter,High
TR678,Garib Rath,Kolkata,Nagpur,Kolkata-Nagpur,26-07-2025,19:42,Saturday,1,0,7,8,576,369,64.06,6,Fog,Summer,Medium
TR866,Duronto Express,Kolkata,Vizag,Kolkata-Vizag,31-05-2025,14:12,Saturday,1,0,6,19,1368,1377,100.66,6,Clear,Summer,High
TR790,Duronto Express,Chennai,Pune,Chennai-Pune,10-01-2025,04:42,Friday,0,0,9,9,648,438,67.59,0,Fog,Summer,Medium
TR549,Garib Rath,Mumbai,Nagpur,Mumbai-Nagpur,06-10-2025,00:40,Monday,0,0,7,14,1008,985,97.72,0,Fog,Monsoon,High
TR369,Shatabdi Express,Mumbai,Nagpur,Mumbai-Nagpur,07-05-2025,06:53,Wednesday,0,0,8,14,1008,834,82.74,11,Clear,Winter,Medium
TR572,Duronto Express,Chennai,Ahmedabad,Chennai-Ahmedabad,13-10-2025,08:12,Monday,0,0,8,15,1080,566,52.41,0,Cloudy,Summer,Low
TR344,Rajdhani Express,Delhi,Jaipur,Delhi-Jaipur,15-11-2025,13:34,Saturday,1,0,2,20,1440,1030,71.53,30,Rainy,Summer,Medium
TR599,Rajdhani Express,Hyderabad,Ahmedabad,Hyderabad-Ahmedabad,20-02-2025,13:05,Thursday,0,0,8,8,576,466,80.9,16,Rainy,Winter,Medium
TR703,Intercity Express,Delhi,Lucknow,Delhi-Lucknow,14-10-2025,01:45,Tuesday,0,0,5,10,720,599,83.19,8,Cloudy,Monsoon,Medium
TR206,Garib Rath,Mumbai,Pune,Mumbai-Pune,20-02-2025,03:19,Thursday,0,0,5,13,936,568,60.68,0,Fog,Winter,Medium
TR777,Rajdhani Express,Mumbai,Nagpur,Mumbai-Nagpur,27-03-2025,19:35,Thursday,0,0,4,11,792,770,97.22,1,Rainy,Monsoon,High
TR285,Intercity Express,Hyderabad,Lucknow,Hyderabad-Lucknow,23-02-2025,19:02,Sunday,1,0,6,19,1368,694,50.73,20,Rainy,Summer,Low
TR876,Garib Rath,Hyderabad,Lucknow,Hyderabad-Lucknow,30-04-2025,04:20,Wednesday,0,0,10,18,1296,977,75.39,22,Rainy,Summer,Medium
TR983,Duronto Express,Delhi,Lucknow,Delhi-Lucknow,29-12-2025,14:21,Monday,0,0,1,20,1440,1180,81.94,7,Fog,Summer,Medium
TR141,Garib Rath,Delhi,Ahmedabad,Delhi-Ahmedabad,06-09-2025,07:32,Saturday,1,0,3,15,1080,1022,94.63,25,Cloudy,Winter,High
TR704,Duronto Express,Bangalore,Vizag,Bangalore-Vizag,12-08-2025,03:05,Tuesday,0,0,10,13,936,937,100.11,0,Rainy,Winter,High
TR573,Rajdhani Express,Hyderabad,Vizag,Hyderabad-Vizag,25-11-2025,07:51,Tuesday,0,0,6,8,576,440,76.39,0,Rainy,Summer,Medium
TR526,Shatabdi Express,Kolkata,Lucknow,Kolkata-Lucknow,23-01-2025,11:45,Thursday,0,0,2,10,720,720,100,9,Rainy,Winter,High
TR712,Garib Rath,Bangalore,Lucknow,Bangalore-Lucknow,06-07-2025,02:02,Sunday,1,0,9,13,936,841,89.85,30,Fog,Winter,Medium
TR542,Garib Rath,Mumbai,Nagpur,Mumbai-Nagpur,02-05-2025,07:24,Friday,0,0,6,18,1296,973,75.08,0,Fog,Monsoon,Medium
TR997,Intercity Express,Kolkata,Vizag,Kolkata-Vizag,17-08-2025,20:27,Sunday,1,0,1,8,576,460,79.86,32,Rainy,Summer,Medium
TR659,Garib Rath,Hyderabad,Lucknow,Hyderabad-Lucknow,30-10-2025,13:30,Thursday,0,0,4,20,1440,1471,102.15,31,Fog,Winter,High
TR733,Garib Rath,Delhi,Vizag,Delhi-Vizag,20-09-2025,02:37,Saturday,1,1,10,16,1152,835,72.48,2,Cloudy,Winter,Medium
TR467,Shatabdi Express,Hyderabad,Lucknow,Hyderabad-Lucknow,19-10-2025,12:14,Sunday,1,0,3,12,864,603,69.79,0,Cloudy,Summer,Medium
TR644,Garib Rath,Kolkata,Nagpur,Kolkata-Nagpur,25-10-2025,11:40,Saturday,1,0,7,18,1296,1328,102.47,3,Clear,Summer,High
TR443,Garib Rath,Bangalore,Vizag,Bangalore-Vizag,17-01-2025,11:22,Friday,0,0,6,13,936,574,61.32,22,Rainy,Monsoon,Medium
TR214,Intercity Express,Hyderabad,Jaipur,Hyderabad-Jaipur,04-10-2025,16:51,Saturday,1,0,10,15,1080,783,72.5,27,Rainy,Monsoon,Medium
TR875,Garib Rath,Delhi,Ahmedabad,Delhi-Ahmedabad,05-11-2025,06:59,Wednesday,0,0,7,19,1368,1431,104.61,18,Clear,Summer,High
TR218,Intercity Express,Delhi,Pune,Delhi-Pune,30-12-2025,19:29,Tuesday,0,0,10,16,1152,733,63.63,19,Clear,Summer,Medium
TR713,Duronto Express,Bangalore,Ahmedabad,Bangalore-Ahmedabad,27-03-2025,20:52,Thursday,0,0,4,13,936,848,90.6,0,Rainy,Summer,High
TR202,Duronto Express,Mumbai,Ahmedabad,Mumbai-Ahmedabad,22-09-2025,18:56,Monday,0,0,6,10,720,640,88.89,15,Fog,Winter,Medium
TR636,Rajdhani Express,Chennai,Nagpur,Chennai-Nagpur,22-09-2025,22:00,Monday,0,0,5,19,1368,755,55.19,1,Fog,Summer,Low
TR498,Intercity Express,Hyderabad,Nagpur,Hyderabad-Nagpur,02-09-2025,12:07,Tuesday,0,0,3,12,864,946,109.49,24,Fog,Winter,High
TR705,Shatabdi Express,Hyderabad,Pune,Hyderabad-Pune,03-08-2025,20:49,Sunday,1,0,8,14,1008,952,94.44,16,Cloudy,Monsoon,High
TR190,Duronto Express,Hyderabad,Nagpur,Hyderabad-Nagpur,25-04-2025,07:37,Friday,0,0,8,17,1224,680,55.56,23,Fog,Summer,Low
TR718,Shatabdi Express,Hyderabad,Nagpur,Hyderabad-Nagpur,16-03-2025,17:34,Sunday,1,0,4,12,864,799,92.48,0,Rainy,Monsoon,High
TR518,Shatabdi Express,Mumbai,Jaipur,Mumbai-Jaipur,19-03-2025,00:18,Wednesday,0,0,3,15,1080,1163,107.69,0,Clear,Summer,High
TR356,Rajdhani Express,Bangalore,Ahmedabad,Bangalore-Ahmedabad,19-06-2025,00:54,Thursday,0,0,5,8,576,343,59.55,21,Clear,Monsoon,Low
TR560,Duronto Express,Kolkata,Vizag,Kolkata-Vizag,18-01-2025,07:43,Saturday,1,0,7,18,1296,1235,95.29,19,Cloudy,Monsoon,High
TR907,Intercity Express,Kolkata,Jaipur,Kolkata-Jaipur,01-05-2025,07:05,Thursday,0,0,9,16,1152,655,56.86,0,Clear,Summer,Low
TR261,Shatabdi Express,Chennai,Ahmedabad,Chennai-Ahmedabad,10-05-2025,22:40,Saturday,1,0,4,18,1296,1201,92.67,5,Cloudy,Monsoon,High
TR749,Rajdhani Express,Bangalore,Pune,Bangalore-Pune,19-07-2025,21:29,Saturday,1,0,9,13,936,572,61.11,34,Cloudy,Summer,Medium
TR887,Shatabdi Express,Chennai,Nagpur,Chennai-Nagpur,14-07-2025,05:38,Monday,0,0,10,18,1296,758,58.49,8,Fog,Winter,Low
TR205,Garib Rath,Kolkata,Ahmedabad,Kolkata-Ahmedabad,14-04-2025,04:08,Monday,0,0,8,15,1080,1077,99.72,0,Cloudy,Summer,High
TR254,Shatabdi Express,Delhi,Vizag,Delhi-Vizag,24-12-2025,18:21,Wednesday,0,0,10,18,1296,955,73.69,19,Clear,Winter,Medium
TR227,Garib Rath,Hyderabad,Pune,Hyderabad-Pune,07-01-2025,08:19,Tuesday,0,0,7,11,792,594,75,27,Fog,Winter,Medium
TR193,Garib Rath,Chennai,Ahmedabad,Chennai-Ahmedabad,29-07-2025,23:16,Tuesday,0,0,4,12,864,685,79.28,23,Clear,Winter,Medium
TR442,Duronto Express,Bangalore,Pune,Bangalore-Pune,29-06-2025,02:24,Sunday,1,1,5,14,1008,803,79.66,31,Rainy,Summer,Medium
TR419,Duronto Express,Kolkata,Pune,Kolkata-Pune,25-11-2025,13:05,Tuesday,0,0,2,19,1368,756,55.26,32,Fog,Monsoon,Low
TR912,Duronto Express,Hyderabad,Jaipur,Hyderabad-Jaipur,16-08-2025,01:49,Saturday,1,0,6,12,864,849,98.26,0,Cloudy,Winter,High
TR915,Garib Rath,Bangalore,Pune,Bangalore-Pune,17-02-2025,07:32,Monday,0,0,4,10,720,435,60.42,10,Clear,Winter,Medium
TR229,Duronto Express,Chennai,Lucknow,Chennai-Lucknow,14-01-2025,01:13,Tuesday,0,0,9,12,864,618,71.53,0,Rainy,Summer,Medium
TR153,Intercity Express,Mumbai,Pune,Mumbai-Pune,22-07-2025,05:34,Tuesday,0,0,4,9,648,396,61.11,1,Clear,Summer,Medium
TR151,Duronto Express,Mumbai,Pune,Mumbai-Pune,18-05-2025,02:32,Sunday,1,0,1,14,1008,564,55.95,0,Cloudy,Monsoon,Low
TR292,Rajdhani Express,Kolkata,Nagpur,Kolkata-Nagpur,29-04-2025,14:35,Tuesday,0,1,9,17,1224,921,75.25,26,Fog,Summer,Medium
TR567,Shatabdi Express,Mumbai,Pune,Mumbai-Pune,08-06-2025,00:25,Sunday,1,0,9,20,1440,908,63.06,1,Clear,Winter,Medium
TR477,Duronto Express,Delhi,Pune,Delhi-Pune,22-08-2025,09:19,Friday,0,0,8,8,576,603,104.69,6,Fog,Summer,High
TR993,Shatabdi Express,Bangalore,Jaipur,Bangalore-Jaipur,10-04-2025,03:39,Thursday,0,0,1,15,1080,687,63.61,29,Fog,Monsoon,Medium
TR103,Intercity Express,Mumbai,Nagpur,Mumbai-Nagpur,03-07-2025,04:27,Thursday,0,0,8,8,576,307,53.3,0,Clear,Winter,Low
TR959,Shatabdi Express,Mumbai,Vizag,Mumbai-Vizag,15-06-2025,04:52,Sunday,1,0,6,14,1008,937,92.96,0,Clear,Monsoon,High
TR745,Rajdhani Express,Mumbai,Nagpur,Mumbai-Nagpur,02-02-2025,20:59,Sunday,1,1,8,15,1080,982,90.93,16,Fog,Monsoon,High
TR464,Shatabdi Express,Chennai,Vizag,Chennai-Vizag,25-12-2025,06:25,Thursday,0,1,9,16,1152,1140,98.96,43,Clear,Monsoon,High
TR169,Garib Rath,Bangalore,Vizag,Bangalore-Vizag,09-07-2025,13:40,Wednesday,0,0,10,12,864,454,52.55,0,Cloudy,Summer,Low
TR969,Intercity Express,Hyderabad,Nagpur,Hyderabad-Nagpur,02-05-2025,02:01,Friday,0,0,8,11,792,650,82.07,0,Rainy,Summer,Medium
TR279,Intercity Express,Chennai,Jaipur,Chennai-Jaipur,11-11-2025,05:44,Tuesday,0,0,9,8,576,544,94.44,0,Rainy,Monsoon,High
TR782,Garib Rath,Bangalore,Ahmedabad,Bangalore-Ahmedabad,08-05-2025,17:25,Thursday,0,0,4,17,1224,887,72.47,23,Clear,Winter,Medium
TR911,Shatabdi Express,Mumbai,Lucknow,Mumbai-Lucknow,05-08-2025,17:38,Tuesday,0,0,5,19,1368,1127,82.38,26,Clear,Summer,Medium
TR440,Intercity Express,Mumbai,Jaipur,Mumbai-Jaipur,25-10-2025,12:29,Saturday,1,0,10,18,1296,1009,77.85,0,Rainy,Summer,Medium
TR474,Garib Rath,Bangalore,Pune,Bangalore-Pune,27-04-2025,23:06,Sunday,1,0,3,8,576,327,56.77,11,Clear,Summer,Low
TR597,Intercity Express,Kolkata,Lucknow,Kolkata-Lucknow,18-12-2025,03:11,Thursday,0,0,6,19,1368,1040,76.02,37,Rainy,Summer,Medium
TR812,Intercity Express,Bangalore,Pune,Bangalore-Pune,07-09-2025,07:50,Sunday,1,0,6,17,1224,745,60.87,0,Fog,Winter,Medium
TR967,Garib Rath,Delhi,Nagpur,Delhi-Nagpur,12-01-2025,13:57,Sunday,1,0,6,16,1152,1221,105.99,16,Fog,Summer,High
TR258,Duronto Express,Mumbai,Pune,Mumbai-Pune,24-12-2025,16:38,Wednesday,0,0,1,16,1152,713,61.89,0,Cloudy,Summer,Medium
TR493,Duronto Express,Hyderabad,Jaipur,Hyderabad-Jaipur,22-11-2025,12:59,Saturday,1,0,9,20,1440,1561,108.4,30,Fog,Monsoon,High
TR205,Rajdhani Express,Delhi,Jaipur,Delhi-Jaipur,26-04-2025,10:02,Saturday,1,0,8,11,792,432,54.55,0,Cloudy,Monsoon,Low
TR179,Intercity Express,Hyderabad,Vizag,Hyderabad-Vizag,24-07-2025,07:54,Thursday,0,0,5,11,792,844,106.57,24,Clear,Monsoon,High
TR996,Duronto Express,Bangalore,Ahmedabad,Bangalore-Ahmedabad,20-07-2025,17:01,Sunday,1,0,7,17,1224,725,59.23,3,Fog,Monsoon,Low
TR899,Rajdhani Express,Delhi,Pune,Delhi-Pune,13-04-2025,17:10,Sunday,1,0,5,19,1368,857,62.65,18,Clear,Summer,Medium
TR786,Intercity Express,Bangalore,Pune,Bangalore-Pune,14-06-2025,17:37,Saturday,1,0,1,15,1080,1179,109.17,5,Clear,Winter,High
TR535,Garib Rath,Mumbai,Ahmedabad,Mumbai-Ahmedabad,01-08-2025,15:31,Friday,0,0,6,17,1224,1091,89.13,20,Clear,Monsoon,Medium
TR300,Duronto Express,Delhi,Vizag,Delhi-Vizag,21-09-2025,06:01,Sunday,1,1,10,13,936,822,87.82,32,Clear,Monsoon,Medium
TR831,Rajdhani Express,Hyderabad,Nagpur,Hyderabad-Nagpur,15-12-2025,16:50,Monday,0,0,9,15,1080,688,63.7,12,Rainy,Monsoon,Medium
TR523,Intercity Express,Mumbai,Lucknow,Mumbai-Lucknow,06-06-2025,11:34,Friday,0,0,9,14,1008,776,76.98,9,Clear,Winter,Medium
TR370,Duronto Express,Bangalore,Pune,Bangalore-Pune,07-03-2025,01:19,Friday,0,0,4,9,648,638,98.46,25,Cloudy,Winter,High
TR710,Shatabdi Express,Chennai,Pune,Chennai-Pune,05-09-2025,06:40,Friday,0,0,8,18,1296,834,64.35,14,Fog,Monsoon,Medium
TR943,Duronto Express,Bangalore,Vizag,Bangalore-Vizag,05-10-2025,18:06,Sunday,1,0,1,8,576,321,55.73,16,Clear,Winter,Low
TR682,Duronto Express,Kolkata,Nagpur,Kolkata-Nagpur,08-05-2025,07:50,Thursday,0,0,4,8,576,592,102.78,13,Fog,Winter,High
TR415,Rajdhani Express,Delhi,Vizag,Delhi-Vizag,09-03-2025,10:12,Sunday,1,0,8,20,1440,1381,95.9,0,Fog,Winter,High
TR241,Rajdhani Express,Kolkata,Pune,Kolkata-Pune,23-11-2025,11:47,Sunday,1,0,4,13,936,777,83.01,0,Rainy,Summer,Medium
TR553,Rajdhani Express,Bangalore,Pune,Bangalore-Pune,14-02-2025,07:59,Friday,0,1,1,14,1008,620,61.51,0,Clear,Winter,Medium
TR345,Garib Rath,Chennai,Nagpur,Chennai-Nagpur,14-04-2025,13:45,Monday,0,0,8,19,1368,1014,74.12,9,Rainy,Summer,Medium
